y,X1,X2_min,X2_max,X2_distribution,X3,X4,X5
3,0,2,9,4.1884565,,1,0
1,0,2,9,2.6094122,,1,1
3,6,1,11,3.3058739,0,1,1
3,662,1,11,1.7779095,1,15,1
1,6,1,7,3.060274,0,1,1
3,8,1,6,2.9697127,0,1,1
3,82,1,14,3.0341356,0,1,1
2,39,1,7,4.2189913,0,1,1
1,0,3,8,3.6314585,1,1,0
1,1135,1,15,2.782892,1,1,0
3,0,2,6,3.8730252,,1,0
1,251,2,15,2.8293993,,1,0
1,0,3,11,4.7966413,,1,1
1,5,2,6,4.2767534,,1,1
1,309,2,15,3.4350293,,1,0
1,5,1,6,2.760866,1,2,1
2,5,1,11,3.16157,1,1,1
3,40,1,6,3.3891978,1,1,1
1,194,2,11,2.945194,,1,0
1,1,1,19,4.826078,1,1,1
2,22,1,12,3.3564835,1,2,0
1,208,1,15,2.8378568,1,2,0
1,48,1,9,4.4867697,0,1,1
1,1,1,6,2.5628207,0,1,1
3,2,1,6,3.6584203,0,1,1
3,3,2,5,3.0176635,,1,1
1,4,2,11,3.0173526,,1,0
3,6,1,7,3.4910696,0,1,1
1,7,1,6,3.2255313,1,1,1
3,2,2,6,3.964877,,1,1
1,8,1,13,3.3154988,1,1,1
3,7,1,6,2.8970745,0,1,1
3,31,1,5,3.4093306,1,3,1
3,4,1,5,3.4977565,0,1,1
3,4,1,6,3.5680366,1,1,0
3,31,1,8,2.9801123,1,1,1
3,4,1,5,2.8049684,0,3,1
4,1,3,14,4.6185904,,1,1
1,29,1,15,3.4190621,1,2,1
3,34,1,7,3.3154426,0,5,1
2,39,1,7,2.6709862,1,2,1
3,4,1,7,3.6671395,1,1,1
3,7,1,15,4.1188073,1,1,1
1,121,1,16,2.8328764,1,3,1
1,1,2,13,3.4631565,,1,1
2,9,1,6,3.5672755,0,1,1
3,6,1,9,4.8370543,0,5,1
2,4,1,7,3.7124999,0,1,1
3,1,2,11,4.831622,,1,0
1,3,2,15,3.4079232,,1,1
2,52,1,15,2.7266011,1,1,1
2,1,1,13,4.560416,1,1,1
1,1,1,13,3.0943909,0,1,1
2,2,1,6,3.1290903,0,1,1
1,1,1,14,3.6475961,0,1,1
4,3,1,7,3.6742187,1,1,1
2,6,1,8,3.5330884,0,1,1
3,83,1,6,1.7685764,0,23,1
2,1,1,14,3.6475961,0,1,1
2,20,1,8,2.9022958,1,4,1
1,3,2,10,4.1822147,,1,1
1,1,1,7,4.26812,0,1,1
1,1,1,6,3.2309735,0,1,1
3,1,1,10,4.4976225,0,2,1
1,558,1,13,3.0115957,1,6,1
1,535,1,15,2.8293643,1,4,1
2,2,1,8,4.426967,1,1,1
2,22,1,7,2.7250688,0,2,1
2,11,1,5,2.6899781,0,1,1
2,216,1,8,2.658613,1,1,1
2,25,1,10,4.327368,0,2,1
4,1,1,6,3.146137,1,1,1
2,6,1,13,3.4220035,1,1,1
2,2,2,6,3.575155,,1,1
1,505,1,14,2.4821863,1,7,1
4,1,1,5,2.7010074,1,1,1
4,2,2,5,3.4735427,,1,1
1,13,1,5,2.8350224,1,2,1
1,20,1,7,3.6434762,0,1,1
1,828,1,16,2.0831733,1,15,1
1,1,1,5,3.1681623,0,1,1
3,78,1,6,3.6020787,0,1,1
4,35,1,6,3.5371003,0,1,1
3,1,1,8,3.373058,0,1,1
2,1,1,6,2.7058406,1,1,1
2,6,1,13,3.2983513,0,1,1
2,2,1,10,5.02265,0,1,1
3,37,1,8,2.9579833,0,14,1
1,1,4,7,5.290144,,1,1
2,0,1,7,2.9029126,0,1,1
2,5,2,13,4.7005243,,1,1
1,7,1,7,3.1823955,0,1,1
2,2,1,19,4.9105496,1,1,1
1,1,1,7,3.7279887,1,1,1
1,489,1,16,3.2495012,1,3,1
4,1,1,6,2.6662736,0,1,1
2,31,1,14,3.266722,1,3,1
1,4,1,6,2.7019296,1,1,1
1,4,1,8,2.7164576,0,1,1
3,3,1,6,3.5474358,0,1,1
3,9,1,4,2.4975786,0,1,1
1,4,1,6,2.8295648,0,3,1
4,76,1,12,3.5310805,1,1,1
1,3,1,5,2.8467317,1,1,1
3,10,1,8,3.490809,0,2,1
1,1,1,5,2.6278493,1,1,1
1,29,1,8,2.6796722,1,2,1
4,1,1,5,2.718254,0,2,1
3,4,1,5,3.3698716,0,1,1
1,586,1,13,3.002276,1,5,1
3,5,1,13,3.5516777,1,1,1
2,25,1,6,3.1574583,1,1,1
1,0,3,7,4.5177197,,1,1
3,31,1,6,3.327625,1,1,1
1,14,1,13,3.1647325,0,2,1
1,102,1,14,3.0949588,1,1,0
1,15,1,11,2.9193456,0,2,1
2,2,1,13,3.6172056,1,1,1
1,16,1,17,2.9298322,1,2,1
1,24,1,19,3.2004552,1,1,1
3,1,1,5,2.8092551,0,1,1
2,2,1,5,2.5075917,1,1,1
1,5,1,15,3.7851918,0,2,1
1,12,1,9,3.9750094,0,1,1
1,4,1,14,3.753007,0,1,1
1,2,1,17,4.813028,0,1,1
1,59,1,6,3.052991,0,2,1
1,38,1,7,3.3340847,0,1,1
4,32,1,13,2.836937,1,5,1
1,2,1,7,2.9806213,0,1,1
1,2,2,15,4.7196445,,1,1
1,1,1,6,2.5968637,1,1,1
1,78,1,7,3.626103,1,1,1
4,1,1,14,4.244458,1,1,1
1,60,1,14,3.1685414,1,2,1
4,29,1,13,3.3323717,0,1,1
1,2,1,7,3.61149,0,1,1
1,1,2,13,3.8764658,,1,1
1,5,1,11,3.776361,0,1,1
1,41,1,14,3.429962,0,2,1
1,9,1,13,3.5757272,1,1,1
1,2,1,7,3.89845,0,1,1
1,3,1,14,3.4737082,1,1,1
1,12,1,15,3.798184,1,2,1
1,35,1,7,3.0541677,1,3,1
1,51,1,19,3.0251367,0,1,1
1,428,1,13,3.2636263,0,2,1
1,4,1,9,2.7052264,1,1,1
1,14,1,13,3.42512,0,2,1
1,1,1,6,2.9113965,0,1,1
1,2,1,7,3.2091444,0,1,1
4,1,3,9,4.397436,0,1,1
1,14,1,13,3.4817805,0,1,1
4,19,1,6,2.8019922,1,2,1
1,2,1,9,3.4519703,1,1,1
1,5,1,17,4.376448,0,1,1
4,2,1,7,3.3265865,1,1,1
1,7,1,7,4.1757092,0,1,1
1,4,1,17,4.106927,0,1,1
1,11,1,14,4.1007805,0,1,1
3,2,1,6,3.5986166,0,2,1
2,2,1,5,2.911043,0,1,1
4,0,2,5,3.7163978,,1,1
3,7,1,6,3.5614052,0,1,1
1,4,1,10,3.5402663,1,1,1
4,0,3,5,4.1066666,,1,1
1,8,1,8,3.000442,1,2,1
1,21,1,12,3.4167454,0,3,1
4,2,1,19,4.2076063,0,1,1
2,2,1,6,3.172588,0,1,1
4,3,1,8,3.3764153,1,1,1
1,2,2,15,5.286095,,1,1
1,3,1,6,2.8194504,0,1,1
1,4,2,8,4.036982,,1,0
2,4,1,6,3.0426326,0,1,1
1,1,2,7,3.454701,,1,1
1,24,1,9,3.0963156,1,2,1
1,17,1,13,3.296609,1,1,1
1,7,1,7,3.588141,0,1,1
1,13,1,6,2.969108,0,1,1
1,7,1,7,3.5227416,1,2,1
1,2,1,13,4.20318,0,1,1
1,3,1,8,3.2303433,0,1,1
4,7,2,13,3.9098287,,1,1
1,6,2,7,3.484963,,1,1
1,3,1,9,4.07075,1,1,1
1,30,1,7,2.725048,0,2,1
4,1,2,13,3.5733666,,1,1
1,4,1,13,3.6065474,0,1,1
1,2,1,7,3.6486382,0,1,1
1,1,2,13,4.3182635,,1,1
1,6,2,13,3.5947604,,1,1
1,10,1,15,3.7863045,0,1,1
1,1,1,6,2.9057279,0,2,1
1,13,1,7,3.4298213,1,1,1
1,0,3,7,4.210161,,1,1
1,2,1,7,3.5596821,1,1,1
1,7,2,10,3.9854252,,1,1
1,6,1,7,2.9878836,1,2,1
1,7,1,8,3.5191972,0,1,1
1,1,1,13,3.372053,1,1,1
4,8,1,8,3.4575295,1,2,1
2,57,1,11,3.766122,1,3,1
1,1,1,6,3.0749676,1,1,1
4,1,1,5,2.5306778,0,1,1
1,1,2,14,3.4396975,,1,1
1,9,1,13,3.1536334,1,1,1
1,2,1,7,3.0406177,0,1,1
2,1,2,16,5.451105,,1,1
1,63,1,14,3.2263837,1,2,1
4,7,1,10,3.3647687,1,1,1
1,2,1,15,4.343961,0,1,1
4,1,1,6,4.1288486,,1,1
4,5,1,13,3.513334,0,1,1
1,7,1,15,3.7809525,0,1,1
1,3,1,12,3.8456244,1,1,1
1,49,1,13,3.4345436,1,3,1
4,2,1,14,3.5335736,0,1,1
3,7,1,5,2.9425826,0,1,1
1,107,1,13,2.4983904,0,5,1
1,1,2,9,4.714286,,1,1
1,16,1,7,2.6960974,0,1,1
2,11,1,13,3.129384,1,2,1
1,12,1,11,3.6298308,0,2,1
1,2,1,7,3.1696782,0,1,1
1,1,2,15,4.2689314,,1,1
1,8,1,18,5.2039943,1,2,1
1,4,1,13,3.4003985,0,1,1
1,19,1,15,3.8883154,1,2,1
1,81,1,14,2.576689,1,6,1
1,5,1,7,3.1799498,0,2,1
1,1,1,8,3.336574,0,1,1
1,6,1,6,3.9671798,0,1,1
1,1,2,7,3.1325593,,1,1
1,22,1,7,2.6880376,0,2,1
2,8,1,14,4.0152926,0,1,1
4,1,2,7,4.0317216,,1,1
1,32,1,13,3.1116807,1,3,1
4,7,1,14,4.5040255,1,1,1
1,7,1,12,3.5693462,0,1,1
2,4,1,7,3.3844755,1,1,1
1,1,2,7,4.240134,,1,1
1,7,1,10,3.291456,0,1,1
2,30,1,5,3.0785255,1,1,1
1,3,2,9,3.5503821,,1,1
1,5,1,13,3.7190366,1,2,1
1,470,1,13,3.2489195,1,2,1
1,2,2,17,5.9756503,,1,1
1,9,1,6,3.3213675,0,1,1
1,52,1,9,3.399819,1,2,1
1,1,2,5,3.7597349,,1,1
3,4,1,12,4.008254,1,2,1
1,39,1,9,3.1595623,0,19,1
4,2,1,20,4.9578543,1,1,1
1,26,1,13,3.4220772,0,2,1
4,3,1,14,4.153205,0,1,1
2,2,1,7,2.725733,0,1,1
1,4,1,6,2.993839,0,1,1
1,4,1,14,3.436259,1,1,1
1,1,1,6,2.7364671,0,1,1
1,4,2,13,3.7645457,,1,1
1,453,1,14,2.8958104,1,2,1
1,34,1,15,3.3639543,0,2,1
3,7,1,5,3.6889791,,1,1
2,10,1,5,2.9260428,0,2,1
1,79,1,15,3.4789352,0,1,1
1,16,1,14,3.7109108,0,3,1
3,5,1,7,3.2806935,0,1,1
1,2,1,8,3.6308825,0,1,1
4,27,1,6,3.787271,0,1,1
1,7,1,9,4.2108774,0,1,1
2,17,1,9,2.9475229,0,1,1
3,5,1,7,3.5918148,1,1,1
2,2,1,7,3.7228851,1,1,1
4,77,1,6,3.0366085,1,1,1
1,4,1,6,3.1858034,0,1,1
1,5,1,14,4.4816055,,1,1
4,1,2,13,3.5479167,,1,1
3,2,1,12,3.4071362,0,1,1
1,1,2,14,4.5124693,,1,1
1,13,1,14,3.5424197,0,1,1
1,7,1,14,3.593029,1,1,1
1,6,1,14,3.8266635,1,1,1
1,1,1,9,2.8553112,0,1,1
4,36,1,6,3.013659,0,1,1
1,2,1,7,2.8439562,0,1,1
1,12,1,9,2.99745,0,2,1
1,1,2,7,3.7346153,,1,1
2,2,2,17,4.2655168,,1,1
1,2,1,14,3.7337623,1,1,1
1,8,1,6,3.1710727,1,2,1
1,4,1,6,3.2725368,0,2,1
1,7,1,14,3.7088404,1,3,1
1,7,1,8,2.926487,0,2,1
2,12,1,9,3.1249444,1,1,1
1,14,1,11,3.777599,1,1,1
1,2,1,9,3.322956,1,1,1
1,10,1,13,3.1872392,1,1,1
1,1,1,13,3.7022948,1,1,1
2,1,1,7,4.360405,1,1,1
4,3,1,5,3.1049552,0,1,1
3,1,1,8,4.1999755,0,1,1
2,0,2,10,3.9612653,,1,0
2,2,1,9,4.404792,0,1,1
2,1,1,7,3.9224043,1,1,1
2,2,1,12,5.089266,1,1,1
1,2,1,12,5.00137,1,1,1
4,0,3,9,5.8128204,,1,1
1,7,1,7,4.0750957,0,1,1
1,2,1,7,3.150658,0,1,1
4,2,2,13,3.527564,,1,1
1,2,1,11,4.1618953,1,1,1
1,1,1,5,3.0927522,0,1,1
1,2,2,13,3.5728939,,1,1
2,14,1,11,3.0262353,1,3,1
1,3,1,14,3.9695754,1,1,1
1,1,2,7,3.8801231,,1,1
1,2,2,6,3.8028002,,1,1
1,4,2,18,4.6215034,,1,1
4,2,2,12,4.3266377,,1,1
1,37,1,8,3.7485394,0,2,1
1,5,1,7,2.9692342,0,1,1
1,44,1,13,3.1715658,1,2,1
1,1,1,7,2.8238845,1,1,1
1,2,2,9,4.218489,,1,1
1,0,3,7,4.8365383,,1,1
1,6,1,13,4.182568,1,1,1
1,1,2,6,3.5938463,,1,1
1,4,1,7,3.5139349,0,1,1
1,3,1,15,3.8690894,0,1,1
1,2,2,13,3.6014116,,1,1
1,1,2,17,5.054744,,1,1
4,3,1,7,3.5255637,0,1,1
1,1,3,8,4.5935893,,1,1
4,3,2,8,3.8556376,,1,1
1,477,1,17,3.9801126,1,1,1
1,2,2,15,4.396552,,1,1
1,6,1,9,3.5471506,1,1,1
1,4,2,8,4.1414533,,1,1
4,2,1,9,3.2293532,0,1,1
1,79,1,14,3.7924418,0,1,1
1,3,2,13,3.696435,,1,1
2,3,1,7,3.112989,0,1,1
1,1,2,13,3.6048682,,1,1
1,3,3,14,4.5579853,,1,1
4,46,1,8,2.8203964,1,2,1
4,1,2,10,5.9326925,,1,1
1,496,1,15,4.6723742,1,2,1
1,2,2,7,3.9324358,,1,1
1,4,1,15,3.905458,0,1,1
4,5,1,15,3.867536,0,1,1
1,79,1,15,3.638156,0,3,1
1,47,1,9,3.3047376,0,1,1
1,82,1,7,3.2655575,0,2,1
1,3,2,13,3.5349183,,1,1
1,6,1,14,4.171379,0,1,1
4,6,1,6,3.6873221,0,1,1
1,9,2,13,3.553931,,1,1
1,2,2,9,3.8376834,,1,1
1,2,1,15,4.0046782,1,1,1
1,6,1,7,3.5067217,0,1,1
4,2,1,6,3.2178457,0,1,1
1,457,1,14,3.4184954,0,2,1
1,1,1,7,3.0881069,1,1,1
1,1,1,6,3.0760229,1,1,1
4,36,1,15,3.326646,1,1,1
1,5,1,7,4.215981,1,1,1
1,78,1,16,4.2624187,1,1,1
4,4,1,14,4.0970087,0,1,1
1,3,1,15,3.6936765,0,1,1
2,0,2,4,2.4134617,,1,1
1,2,1,9,3.6735952,0,1,1
1,497,1,14,3.6124606,1,2,1
1,6,2,13,4.1117287,,1,0
1,13,1,13,3.6019948,1,2,1
1,1,1,14,3.4195623,1,1,1
4,1,1,9,3.1608458,0,1,1
1,1,1,6,3.0669873,0,1,1
2,1,2,14,3.8962073,,1,1
3,472,1,11,2.8377252,1,2,1
4,5,1,14,3.79435,0,1,1
1,2,1,20,5.065064,0,1,1
1,1,2,7,3.414492,,1,1
1,1,2,8,4.1609344,,1,1
4,1,1,6,2.840911,0,1,1
1,478,1,15,3.4279382,1,2,1
2,17,1,7,2.960158,1,2,1
1,9,1,9,3.0584276,1,2,1
1,5,1,8,3.5995853,1,1,1
1,4,1,10,3.5755427,1,1,1
1,1,1,13,2.9923716,0,1,1
4,4,1,14,3.5951712,0,2,1
3,2,2,7,3.4202375,,1,1
1,9,1,16,4.907465,1,1,1
1,51,1,10,3.3611667,0,2,1
4,2,2,11,4.355023,,1,1
1,43,1,13,3.297157,0,2,1
4,10,1,12,2.846283,1,1,1
1,3,2,13,3.5875192,,1,1
1,0,3,7,4.0285077,,1,1
1,5,1,7,3.2097814,0,1,1
2,4,1,6,3.1036558,0,1,1
2,1,1,6,2.9199224,0,1,1
1,1,2,15,5.758494,,1,1
1,1,2,7,3.5042021,,1,1
1,2,1,7,3.0563493,0,1,1
1,458,1,8,3.4278646,0,2,1
3,1,2,8,4.8858976,,1,1
1,7,1,7,3.678906,1,1,1
1,1,1,14,3.4973817,1,1,1
1,1,2,7,4.5371795,,1,1
1,2,1,7,3.4628205,0,1,1
1,1,1,9,3.6077273,0,1,1
3,5,1,17,4.234397,0,1,1
2,1,2,6,3.6932907,,1,1
4,1,2,8,3.6231613,,1,1
1,3,2,12,4.276682,,1,1
1,6,1,14,3.8971682,0,2,1
1,9,1,7,3.4037917,1,2,1
2,8,1,14,3.4667053,1,2,1
3,3,1,7,3.6671805,0,1,1
1,4,2,15,3.8422415,,1,1
1,38,1,15,3.8091874,1,2,1
1,9,1,19,3.2348719,1,1,1
1,34,1,8,3.4136672,1,2,1
1,43,1,15,4.2600684,1,1,1
1,2,1,13,3.6871965,1,1,1
4,3,1,13,3.2974944,0,1,1
1,1,1,8,3.1044345,0,1,1
1,1,1,6,3.6442304,0,1,1
2,2,1,6,2.846227,0,1,1
1,6,1,14,4.2050962,0,1,1
1,7,1,13,3.1981921,1,2,1
1,4,1,6,3.614993,0,1,1
4,1,2,7,3.5144453,,1,1
1,2,1,5,3.044559,1,1,1
1,1,2,7,3.7448218,,1,1
1,1,2,9,3.872025,,1,1
1,1,2,21,5.664744,,1,1
1,1,2,12,5.3983326,,1,1
1,1,4,6,4.8935895,,1,1
1,1,2,11,3.9360862,,1,1
1,0,2,8,3.752564,,1,1
1,9,1,14,3.7077026,0,1,1
1,1,1,14,3.3845227,0,1,1
1,2,1,8,2.9987361,0,1,1
1,1,1,21,4.180418,1,1,1
1,1,1,14,3.4436922,0,1,1
1,213,1,13,3.0809872,0,2,1
4,2,2,10,4.162306,,1,1
1,1,2,8,4.8027773,,1,1
4,2,1,7,3.1958385,1,1,1
1,41,1,13,3.5856488,1,1,1
1,1,1,10,3.8092601,0,1,1
4,10,1,13,2.785995,1,2,1
3,456,1,14,3.2850866,1,2,1
1,4,1,7,3.3910074,1,1,1
1,0,2,6,3.2035778,,1,1
1,1,1,6,2.8358972,0,1,1
1,1,2,9,4.283824,,1,1
1,1,3,6,4.411859,,1,1
1,2,2,8,4.1927524,,1,1
2,3,1,7,3.1901166,0,2,1
1,2,1,6,3.438768,0,1,1
1,1,3,8,4.3589745,,1,1
1,5,1,7,2.8891943,0,1,1
1,3,1,14,4.574461,0,1,1
1,4,1,6,3.1059594,0,1,1
1,9,1,6,3.475569,0,2,1
1,39,1,8,3.4214563,1,2,1
1,1,1,5,2.916209,0,1,1
1,6,2,14,3.555012,,1,1
4,8,1,7,4.068589,1,1,1
1,4,1,13,4.1123857,1,2,1
1,3,1,8,3.3114622,1,1,1
1,8,2,14,4.37069,,1,1
3,5,1,14,3.296619,0,1,1
1,35,1,8,3.4281728,1,2,1
3,3,1,9,3.1131768,0,2,1
1,35,1,15,4.493736,1,1,1
4,1,2,7,4.1987176,,1,1
1,42,1,15,4.380496,1,1,1
2,8,1,7,3.0555344,0,2,1
1,1,2,13,4.7348247,,1,1
1,3,1,15,3.7800517,0,1,1
1,3,1,13,4.205137,0,1,1
4,1,1,7,2.982155,0,1,1
1,34,1,7,2.8347692,1,1,1
1,2,1,10,3.225388,0,1,1
3,2,1,5,2.6691003,0,1,1
1,1,2,7,3.654359,,1,1
1,3,1,14,3.5797846,1,1,1
1,3,1,13,3.1796618,0,1,1
1,1,2,14,3.915489,,1,1
4,79,1,13,3.7953813,0,1,1
1,3,1,9,3.4328983,0,1,1
1,5,2,13,3.7791138,,1,1
3,18,1,5,3.4630117,1,1,1
1,3,1,10,3.6732988,0,1,1
1,2,3,13,4.8400292,,1,1
1,2,2,11,4.326839,,1,1
1,1,2,14,3.607061,,1,1
2,2,1,13,3.0979688,0,1,1
1,3,1,14,3.5584857,0,1,1
4,77,1,15,3.7111077,0,1,1
1,14,1,11,3.2056327,0,1,1
2,7,1,7,3.9163132,0,1,1
1,33,1,8,3.345356,0,1,1
2,1,2,8,3.7932231,,1,1
1,55,1,6,3.6316364,1,1,1
3,77,1,17,4.4876075,1,1,1
1,1,2,9,4.0973077,,1,1
3,558,1,13,2.8319197,1,5,1
1,2,2,17,4.337521,,1,1
3,2,2,6,3.809242,,1,1
1,2,2,16,4.1207695,,1,1
1,27,1,6,3.493052,0,1,1
1,3,2,12,4.429601,,1,1
4,0,3,7,4.51157,,1,1
2,1,1,10,4.130736,1,1,1
1,0,2,13,3.3683214,,1,1
1,1,2,7,3.463846,,1,1
1,0,2,7,3.337619,,1,1
1,1,3,14,4.4701614,,1,1
1,81,1,6,3.2436092,0,1,1
1,2,2,14,4.5244975,,1,1
1,2,1,15,3.7048852,0,1,1
1,2,2,16,4.674288,,1,1
1,0,2,4,2.3214815,,1,1
1,1,2,19,5.2634664,,1,1
1,1,1,6,3.6314101,0,1,1
4,0,2,7,3.8933337,,1,1
1,1,1,14,3.7983756,1,1,1
1,1,1,8,2.9427717,0,1,1
1,6,1,17,4.962855,0,1,1
1,0,4,11,5.4066663,,1,1
1,1,2,13,3.5075324,,1,1
1,2,2,14,3.7891023,,1,1
4,7,1,15,4.403455,1,1,1
1,1,2,14,4.556891,,1,1
4,1,2,7,3.4253845,,1,1
1,0,2,6,4.201115,,1,1
1,1,3,8,4.6682696,,1,1
1,0,2,6,3.7638881,,1,1
1,36,1,6,3.2143772,0,1,1
1,1,2,9,3.356477,,1,1
1,1,1,6,3.5453024,0,1,1
2,7,2,13,4.809397,,1,1
1,0,2,6,3.5688577,,1,1
1,2,2,8,3.7312307,,1,1
1,4,1,9,4.5837145,1,1,1
1,2,2,10,3.76154,,1,1
1,1,2,7,3.4702566,,1,1
1,2,2,14,4.2933526,,1,1
1,1,2,6,3.3358977,,1,1
1,39,1,14,3.5304937,0,1,1
1,8,1,14,3.1797955,0,2,1
1,5,1,7,3.4017606,1,1,1
1,4,1,13,4.8071737,0,1,1
1,2,2,14,4.0929327,,1,1
1,1,2,6,3.7773945,,1,1
1,2,1,14,3.8877778,1,1,1
1,4,2,7,3.3717744,,1,1
1,3,1,7,3.5776074,1,1,1
1,2,1,8,3.5501971,1,1,1
1,4,1,7,3.0725007,1,2,1
1,12,1,5,2.6862235,1,2,1
2,2,1,8,3.5015051,0,1,1
1,0,2,6,4.1145763,,1,1
1,1,2,7,3.4262822,,1,1
1,4,2,14,4.1677785,,1,1
1,5,1,20,3.8640153,1,1,1
1,3,2,8,4.16227,,1,1
1,4,2,13,3.5872328,,1,1
4,4,1,17,4.5296216,1,1,1
1,1,2,28,7.7639194,,1,1
1,4,1,7,2.8869846,1,1,1
1,8,1,7,4.7116184,0,1,1
1,6,1,14,4.064743,0,1,1
1,4,2,19,4.5169263,,1,1
1,9,1,8,3.597658,1,2,1
1,5,3,7,4.186772,,1,1
1,1,1,14,3.5794642,1,1,1
4,2,1,6,3.1156108,0,1,1
1,1,2,15,4.205797,,1,1
1,2,1,8,3.5295382,0,1,1
1,3,1,7,2.7965236,0,1,1
1,2,1,7,2.7910256,1,1,1
1,4,1,6,2.9339957,0,1,1
1,4,1,14,3.4794183,1,1,1
1,2,1,13,3.3370135,0,1,1
4,2,1,14,3.6939316,1,1,1
1,3,1,7,2.8574498,1,1,1
2,3,1,6,3.6446729,1,1,1
1,6,1,8,3.237446,0,1,1
1,1,1,13,3.1018558,0,1,1
1,7,1,13,3.6310337,0,1,1
3,2,1,7,3.3583999,0,1,1
1,2,1,6,3.2166343,1,1,1
1,30,1,13,3.441322,0,1,1
1,2,1,16,3.6825578,0,1,1
1,1,2,5,3.4296186,,1,1
1,16,1,15,3.8091228,1,2,1
1,2,1,13,3.1427557,1,1,1
1,8,1,14,4.129639,0,1,1
2,24,1,6,3.4209247,0,1,1
1,22,1,13,3.0944796,1,3,1
1,6,1,13,3.4904845,0,1,1
3,5,1,6,3.9147437,0,1,1
1,3,1,17,3.638855,0,1,1
1,13,1,5,3.5608077,0,1,1
1,7,1,8,4.090062,1,1,1
1,2,1,7,2.9928567,1,1,1
2,3,1,6,3.6805243,1,1,1
2,1,1,9,3.5137684,0,1,1
1,5,1,13,3.5779243,0,1,1
1,4,2,7,3.4075856,,1,1
1,2,1,7,3.515141,1,2,1
3,3,1,5,2.9833336,0,1,1
2,1,1,21,5.0902014,0,1,1
2,1,1,14,3.8412693,0,1,1
2,14,1,13,3.498917,,1,1
1,2,1,14,4.4399266,,1,1
1,10,1,7,3.8112826,0,1,1
3,6,1,8,3.063971,0,1,1
1,2,1,16,3.4511473,1,1,1
2,22,1,15,3.8375883,0,1,1
2,1,1,5,2.586722,0,1,1
2,3,1,6,3.6064105,1,1,1
4,5,1,6,3.3743794,0,1,1
1,3,1,15,3.9202561,0,1,1
2,2,1,14,3.5954893,0,1,1
1,7,1,6,2.732311,0,1,1
1,14,1,7,3.3426237,0,1,1
1,2,1,6,2.7558987,1,1,1
1,1,2,8,4.844872,,1,1
1,1,1,13,3.0828795,0,1,1
1,2,2,14,4.081172,,1,1
4,16,1,6,3.7050776,1,1,1
1,2,1,7,3.218053,0,1,1
2,1,2,6,3.6192307,,1,1
1,262,1,18,2.6414053,1,3,1
1,3,1,13,3.4750807,0,1,1
1,16,1,11,3.150353,1,1,1
1,4,1,14,4.287144,0,1,1
1,35,1,16,3.8321614,1,2,1
2,9,1,9,3.5247202,0,2,1
4,2,1,13,3.2689104,0,1,1
1,4,1,13,4.0611773,1,1,1
1,2,1,15,4.6806674,0,1,1
4,2,3,12,4.078297,,1,1
1,2,1,9,3.1993587,1,1,1
1,2,2,13,3.5669415,,1,1
1,2,1,7,3.2227273,0,1,1
1,1,3,9,4.8417945,,1,1
1,1,1,7,2.792087,0,1,1
1,1,2,15,4.178938,,1,1
1,469,1,7,3.163745,0,1,1
1,5,1,8,3.1296804,1,1,1
4,7,1,13,3.5863855,1,1,1
1,2,1,14,4.808627,0,1,1
2,2,1,9,3.3139193,0,1,1
1,2,3,14,4.384424,,1,1
1,4,1,13,3.2142985,0,1,1
1,2,1,10,3.3394036,0,1,1
1,1,2,10,4.7077837,,1,1
1,8,1,7,3.871241,0,1,1
1,1,1,6,2.5977669,0,1,1
1,2,2,6,4.0589924,,1,1
1,2,1,17,3.725485,1,1,1
2,3,1,8,3.5442975,1,1,1
1,15,1,13,3.714539,1,1,1
1,11,1,14,3.8169916,1,1,1
1,4,1,7,3.234672,0,1,1
1,1,1,7,3.3862178,0,1,1
1,42,1,15,3.576295,0,2,1
1,4,1,15,4.0757627,0,1,1
1,3,2,7,3.7278104,,1,1
1,2,1,14,3.7324529,0,1,1
1,13,1,9,3.7627616,1,1,1
1,1,2,14,4.5051284,,1,1
1,56,1,8,4.3081927,0,1,1
4,7,1,9,4.285855,1,1,1
4,10,1,7,3.3801732,1,1,1
1,1,2,14,3.937847,,1,1
1,6,1,13,3.804606,0,2,1
1,7,1,6,3.9505496,0,1,1
1,6,1,14,3.6735282,1,1,1
1,7,1,7,3.663818,0,1,1
1,8,1,7,3.2716067,0,2,1
1,4,1,8,3.8412607,0,1,1
1,3,1,21,4.010021,1,1,1
1,494,1,15,4.3496795,1,2,1
1,11,1,10,3.334332,1,2,1
1,4,1,13,3.4077113,0,1,1
1,4,2,14,3.9056756,,1,1
1,496,1,15,3.7889557,1,2,1
3,2,1,5,2.8355055,1,1,1
4,5,1,9,3.0376117,0,1,1
1,2,1,6,3.0705237,1,1,1
1,1,2,8,3.4665754,,1,1
1,11,1,10,2.762684,1,1,1
1,4,1,17,4.586868,1,1,1
2,2,1,5,2.6867452,0,1,1
1,17,1,8,2.8605876,0,1,1
1,24,1,7,2.8690937,1,2,1
1,5,1,6,3.0474308,0,1,1
1,4,2,15,4.44357,,1,1
1,12,2,13,3.9841743,,1,1
1,2,1,5,2.9026518,0,1,1
1,2,1,7,2.6949873,0,1,1
1,3,1,6,2.9773061,0,1,1
1,7,1,7,3.484136,0,2,1
1,5,1,10,3.33262,1,1,1
2,2,1,9,3.2263045,0,1,1
1,8,1,13,3.487802,0,2,1
2,1,1,7,3.2608669,0,1,1
1,3,1,14,3.7411456,1,1,1
1,3,1,13,3.2695127,1,1,1
1,30,1,6,2.6370196,0,2,1
1,3,1,7,3.367793,1,1,1
1,4,2,8,3.6257448,,1,1
1,2,2,15,3.9343657,,1,1
1,3,1,7,3.4459052,1,1,1
1,3,1,20,4.5565147,1,1,1
1,1,2,7,3.9073932,,1,1
1,436,1,13,3.0030088,1,2,1
4,1,2,14,4.3783116,,1,1
1,5,1,13,3.3369718,1,2,1
1,2,1,13,3.196095,0,1,1
1,1,2,7,3.7689743,,1,1
1,4,2,7,3.6901555,,1,1
1,0,2,6,3.528712,,1,1
1,1,2,6,3.5559437,,1,1
1,1,2,14,3.9033191,,1,1
2,6,1,7,3.3169856,1,1,1
1,2,2,17,5.2594123,,1,1
1,4,2,10,3.9865499,,1,1
1,36,1,15,3.9860861,1,1,1
1,14,1,6,3.4211018,1,1,1
1,3,3,15,5.1603656,,1,1
1,2,2,17,3.9793878,,1,1
3,6,1,10,3.248718,1,1,1
1,0,2,6,4.201115,,1,1
1,1,2,15,4.117216,,1,1
1,2,1,14,3.971039,0,1,1
4,3,1,4,2.2638888,0,1,1
1,5,1,13,3.6653476,1,3,1
4,7,1,10,4.1842356,0,1,1
1,3,1,7,3.368036,1,1,1
1,1,3,9,5.782051,,1,1
4,12,1,5,2.9504027,0,1,1
1,14,1,13,3.0990138,1,2,1
1,38,1,15,3.946525,0,1,1
1,2,1,15,3.7018278,1,1,1
1,15,1,15,3.7374225,1,1,1
1,1,1,6,2.8151636,0,1,1
1,498,1,8,3.448544,1,1,1
1,3,1,8,3.6098382,0,1,1
1,482,1,14,3.6789725,1,2,1
1,2,1,7,3.758013,0,1,1
1,1,1,9,2.8016825,0,1,1
1,7,1,8,4.7187667,1,1,1
1,6,1,14,3.5594442,1,2,1
1,3,2,13,3.5654845,,1,1
2,3,1,6,3.709829,1,1,1
1,1,1,6,2.8358533,0,1,1
4,35,1,14,3.3504016,0,2,1
1,1,1,7,2.9700522,1,1,1
1,1,2,13,3.5810587,,1,1
1,1,2,8,3.7145145,,1,1
4,1,2,18,5.1924505,,1,1
1,1,2,15,4.2205124,,1,1
1,2,1,7,2.6963084,1,1,1
1,7,2,17,4.6660233,,1,1
1,6,1,9,4.277765,1,1,1
1,0,2,10,3.6713142,,1,1
1,7,1,7,2.7646413,0,1,1
1,2,2,14,3.8871243,,1,1
1,9,1,7,3.4596255,1,1,1
1,43,1,15,4.049309,0,1,1
1,5,2,20,4.475026,,1,1
4,1,1,14,4.3929243,0,1,1
1,1,3,18,5.4877377,,1,1
1,2,2,18,4.684542,,1,1
1,2,2,7,3.4408133,,1,1
1,2,1,14,3.847809,0,1,1
1,2,2,13,3.613695,,1,1
1,10,1,13,3.3826418,1,1,1
1,7,2,13,3.5504923,,1,1
1,2,1,6,2.965797,0,2,1
1,5,1,13,3.142478,1,1,1
1,3,1,8,4.0598645,0,1,1
1,2,3,14,4.4513793,,1,1
2,2,1,14,3.94913,0,1,1
3,3,1,6,3.5923078,0,2,1
1,1,2,13,3.2045653,,1,1
1,464,1,13,3.1603212,1,2,1
4,2,1,7,3.776426,1,1,1
1,1,2,8,4.0486174,,1,1
4,4,1,6,3.6056864,0,1,1
1,4,2,14,3.9415133,,1,1
1,17,1,12,2.9704142,0,1,1
1,3,2,16,4.6818714,,1,1
1,2,2,13,3.9489808,,1,1
1,1,2,13,3.4130495,,1,1
4,1,3,11,4.759542,,1,1
1,0,2,6,4.201115,,1,1
1,1,2,15,4.2106314,,1,1
1,1,1,7,3.187681,0,1,1
1,1,2,7,4.576923,,1,1
1,11,1,11,3.942945,0,2,1
1,5,2,8,4.7766833,,1,1
1,1,1,7,2.7738092,1,1,1
4,3,1,6,3.6064105,1,1,1
1,2,1,6,3.5382335,0,1,1
1,1,2,14,4.2176623,,1,1
1,1,1,6,2.9314103,0,1,1
1,1,1,6,2.8617215,0,1,1
1,6,1,9,3.751425,0,1,1
1,6,1,9,3.7514796,0,1,1
4,6,1,9,3.751425,0,1,1
1,3,1,14,3.5862594,1,1,1
1,1,3,8,4.7728205,,1,1
1,7,2,10,3.9046848,,1,1
1,7,1,6,3.9309573,0,1,1
1,16,1,15,3.7373614,0,1,1
1,3,1,7,3.012782,1,1,1
1,1,1,8,3.0775642,0,1,1
4,6,1,7,4.466645,0,1,1
1,7,1,8,3.5215278,0,2,1
2,2,1,18,4.503969,0,1,1
1,1,2,7,3.088889,,1,1
1,2,1,7,3.1400895,0,1,1
1,50,1,14,4.09703,1,2,1
1,1,2,7,3.3727107,,1,1
1,1,2,7,3.1672177,,1,1
1,2,2,11,4.156934,,1,1
1,2,1,8,3.3515894,0,1,1
1,1,3,14,4.5724363,,1,1
1,1,1,9,2.806915,1,1,1
1,2,3,14,4.523868,,1,1
4,1,2,8,3.9951732,,1,1
1,2,1,8,4.3452077,0,1,1
1,1,1,6,3.4169736,0,1,1
1,0,4,4,4,,1,1
1,2,2,15,4.6316433,,1,1
1,0,2,7,3.588846,,1,1
1,1,2,7,3.3958333,,1,1
1,2,2,14,3.7122507,,1,1
1,2,2,10,3.8918214,,1,1
1,3,2,13,3.8994143,,1,1
1,1,2,13,3.5801282,,1,1
1,1,2,15,4.1839743,,1,1
1,2,1,13,3.1956065,0,1,1
1,2,2,15,4.6022143,,1,1
1,0,2,6,2.8119657,,1,1
1,1,2,7,3.713519,,1,1
1,2,1,6,3.0655894,0,1,1
1,3,1,6,3.6064105,1,1,1
1,6,1,9,3.8338466,0,1,1
1,1,2,7,3.6213496,,1,1
2,2,1,8,3.4780526,1,1,1
1,0,2,13,3.6493592,,1,1
1,0,2,7,3.8984,,1,1
1,0,3,6,4.0994205,,1,1
4,0,3,9,4.4167995,,1,1
1,76,1,8,4.0613656,0,1,1
1,0,2,5,3.1159422,,1,1